176.63,-2438.2,1038.3,696.83,-3859.7,106.2,-16.443,-2.9062,-3.085,4.9298,-6845.7,-726.06,-2328.1,953.97,529.6,-4624.7,715.84,2008.8,132.58,-4.081,-92.689,-6770.9,823.7,-2509.1,1287.4,1328.5,-4545.5,449.78,2014.3,-4.6576,-47.588,-279.94,-7286.4,425.09,-1717.8,609.65,1040.4,-5247.4,426.9,-611.93,1974.9,2018.8,-281.47,-7479.4,-0.62625,-1045,-62.109,1292.3,-5225.6,-753.49,-2128.4,-619.64,1955.3,-144.67,-7567.8,-58.003,-956.08,266.68,352.17,-4148.6,-1241.5,564.51,-580.99,-1181.6,-189.22,-7383.1,-196.91,-667.72,-3.7014,952.52,-4549.3,-761.49,-2834.4,835.49,312.86,-402.3,-6937.6,688.5,-915.77,769.95,-103.3,-3713.3,-1039.8,3929.1,-2167.2,-687.43,-676.49,-6618.5,304.76,105.14,134.15,1030.1,-3933.9,-393.44,-1155.1,-4125.7,-1713.9,-833.06,-7058,-906.33,-412.68,518.59,427.62,-3825.9,-1279.7,-1024.8,201.53,-4659.7,-949.62,-6620.5,645.9,-250.83,661.46,-90.173,-2833.7,-1790.3,-1144.9,-108.01,2375.2,-1051.1,-5203.8,274.92,556.01,-132.45,402.63,-2406.3,-687.83,-3134.2,-3956.5,-3174.4,-1233.1,-5761.2,166.36,1081.5,-813.71,943.27,-2446.3,-437.84,285.1,-4831.7,-6973.3,-1289.8,-5481.3,-528.97,1092.8,-948.85,568.48,-3344.8,-701.63,-790.52,-821.17,-2986.9,-859.19,-6224.1,-823.02,1488,-1346.3,1960.8,-6491.3,-633.78,-1727.4,-697.22,-967.52,35.808,-6616.8,-500.74,1163.9,-1173.1,588.15,-3046.9,-1894.5,-4398.3,-4827.4,-3989,-92.914,-6782.7,-560.7,1105.5,-1702.7,879.9,-3911.9,-2119.4,8411.5,-5553.6,-3654.6,-300.63,-6711.3,-25.749,1350.6,-1958.8,860.86,-2462.4,-2367,4435.9,-9038.1,-3839.4,-619.98,-6850,796.64,1527.6,-1864.7,1002.8,-3695.4,-1908.9,4381.7,3760.9,9108.8,-603.9,-7090.8,917.17,1401.4,-1838.4,1030.9,-4000.5,-1671.3,589.39,3763.5,9003.3,-620.54,-7171.1,909.62,1539.8,-2030.1,941.37,-4183.2,-1400,628.88,-11.778,4954.5,-458.18,-6011.8,903.52,1690.2,-2087.6,1079.4,-4364.8,-1260.4,614.64,-123.15,5235,-234.83,-6029.5,466.6,1926.1,-2212.1,1215.5,-4311,-1126.8,623.47,-153.08,4910.9,-245.91,-6061,929.46,1865,-2084.8,1190.4,-4208.2,-1320.3,367.98,-283.92,5046.8,-245.17,-6146.4,664.2,1997.5,-2043.3,1004.4,-4410.7,-1309.6,320.21,-284.69,5028,-245.44,-6226.6,286.81,2055.8,-2047.3,1140.4,-4233.6,-1145.9,430.49,-150,5043,-469.19,-6150.8,668.24,1581.7,-1714.4,1003.2,-4166.6,-1315.5,386.77,-134.94,5039,-474.66,-6169,462.43,2146,-2030.1,975.12,-4236.6,-1280.9,389.14,-41.957,5051.2,-473.36,-6277.4,297.44,2441.3,-2270.7,1012,-4157.1,-1307.7,403.6,-28.092,5039.9,-473.35,-6296.8,603.27,2354.3,-2096.2,958.66,-4152.4,-1392.9,459.8,283.05,5018.8,-473.69,-6273.7
26.584,-594.14,454.03,31.968,-865.67,-57.788,-4.2552,-8.6038,-3.0206,52.679,-789.1,-316.16,-446.89,668.48,-626.46,-900.15,212.1,-3.1145,-6.1645,-0.033895,46.603,-664.6,-691.67,-104.92,529.4,-680.67,-792.64,266.26,-13.002,-1.6578,-4.9348,55.122,-630.24,-527.66,-174.62,846.74,-634.08,-676.04,241.31,-2.289,0.28953,-2.2475,53.382,-591.14,-316.04,-766.76,1623.2,-507.55,-670.23,219.17,-5.4964,-7.4191,-0.76582,-90.469,-624.35,-197.03,-632.54,1686.7,67.168,-920.78,375.81,-2.2407,-5.3645,4.5215,-97.811,-603.95,-197.15,-431.37,1048.3,-729.64,-65.154,496.19,-0.80295,-5.0582,-0.6081,-177.6,-542.72,-356.93,-435.86,848.64,-914.94,1051.3,-128.18,0.63996,3.4367,-7.0627,-155.94,-455.35,-173.79,-433.78,550.56,-971.15,1070.2,-244.47,-4.6927,7.562,-1.1198,-201.95,-443.09,-262.25,-414.96,471.89,-869.72,1522.9,-587.52,0.35224,5.5781,-4.6564,-179.61,-350.86,-65.49,-423.55,451.34,-618.31,1107.7,-143.44,-2.6493,-0.98657,-2.7957,-180.23,-373.17,-188,-330.08,330.85,-758.08,1172.5,-232.36,-0.43052,-5.0573,-3.9285,-180.65,-413.56,0.94697,-343.69,327.68,-326.79,958.38,-45.523,-980.51,-0.16515,7.5381,-179.47,-427.62,-41.425,-378.82,313.15,-491.63,793.09,-27.149,-987.71,-960.7,-997.64,-179.73,-470.11,-24.582,-356.58,273.47,-525.76,917.21,-103.1,-987.08,-925.68,-983.46,-208.3,-469.68,-100.17,-325.32,269.67,-660.49,934.23,-63.836,-991.92,-916.26,-996.47,-208.36,-456.76,-161.12,-99.709,-19.041,-613.72,1185.1,-2.7054,-1002.9,-910.56,-996.96,-207.01,-309.56,-16.788,-571.78,484.13,-690.19,1337.9,-32.268,-979.47,-951.74,-995.46,-207.13,-254.05,-34.616,-563.72,557.39,-681.81,1281.1,93.061,-993.28,-903.03,-998.21,-207.66,-244.52,-51.96,-581.3,521.3,-558.83,1324.5,160.09,-994.49,-940.51,-998.12,-224.62,-264.28,-41.527,-589.21,528.37,-520.59,1341.9,189.04,-1003.3,-937.15,-999.46,-225.61,-272.36,-70.14,-604.22,560.78,-485.46,1331.8,211.62,-997.49,-951.25,-990.57,-224.42,-266.1,-60.345,-552.66,506.88,-472.33,1302.5,189.33,-998.28,-955.02,-999.97,-228.23,-298.82,-56.69,-579.6,505.81,-466.5,1249.7,213.58,-986.36,-964.93,-1001.8,-229.78,-291.73,47.357,-593.01,489.38,-459.01,1214.3,240.11,-998.3,-967.88,-1015.1,-228.61,-311.83,74.631,-621.24,484.98,-466,1192.7,272.23,-990.02,-979.94,-1007,-228.4,-292.54,20.996,-607.2,465.15,-442.31,1235.5,229.17,-1004.5,-970.67,-1020.8,-228.75,-305.68,-16.54,-592.22,499.96,-473.46,1306.2,198.86,-1013.8,-978.97,-1003.8,-228.27,-317.03,106.69,-620.58,527.1,-363.74,1323.1,203.23,-1000.3,-978.9,-1003,-229.61,-323.75,5.411,-687.71,565.38,-515.91,1021.3,465.56,-1021.9,-974.61,-1018,-188.93,-312.11
-1836.8,-26.019,-1056.3,4.7479,-110.46,-1506.6,128.13,-1.7194,-2.1659,172.41,-1039.1,-1430.8,-631.79,-527.72,32.333,211.24,-1218.9,145.1,-6.1376,-11.543,131.48,-939.87,-1533.3,-227.13,-351.03,-79.282,142.57,-601.97,101.36,-13.203,1.2679,102.06,-906.12,-1529.4,7.5911,-382.33,245.93,-144.7,-112.95,153.68,-2.8819,-3.2918,150.7,-897.11,-1035.9,124.35,-775.67,522.66,-101.2,-159.76,134.98,0.079964,42.414,128,-804.42,-840.17,57.93,-773.47,190.64,175.2,-308.64,144.72,-10.887,-5.9562,158.67,-715.65,-900.58,71.81,-414.65,729.94,258.82,-58.792,144.49,61.473,0.12372,357.37,-947.81,-778.4,66.268,-523.57,1036.8,-327.86,156.48,140.11,97.883,-11.973,369.79,-1173.6,-507.81,106.61,-652.09,1038.2,-220.01,460.66,128.59,-3.8759,4.5965,308.09,-1082,-450.48,83.262,-826.82,1050.2,157.55,228.81,140.07,-2.7817,-16.348,402.68,-891.41,-235.51,9.0207,-854.9,1363.3,-273.79,515.05,145.46,-13.585,-4.4372,370.58,-737.61,57.113,-163.21,-1066.9,1357.6,-216.32,741.22,125.48,1.2096,-0.74422,322.1,-859.03,123.78,-370.4,-1139.5,1341.1,-602.85,744.18,146.6,-63.114,-545.63,-44.736,-859.55,146.22,-471.77,-1167.7,1262.7,-292.69,828.5,119.17,-3.5199,-536.53,62.47,-757.06,59.734,-78.828,-1216.3,1277.7,-362.63,852.2,126.58,-4.2647,-556.59,-5.8267,-712.46,140.41,-187.22,-1124.9,1260.5,-564.72,843.97,-390.7,-508.44,-571.8,287.59,-739.53,265.06,-155.82,-1158.2,1242.2,-710.78,745.57,-381.42,-531.79,-552.07,272.86,-767.61,265.52,3.8653,-1234.7,1159.2,-410.13,764.37,-366.47,-546.4,-573.02,288.54,-768.21,266.55,-24.926,-1205.7,1179.9,-456.1,822.22,-437.88,-559.37,-551.45,288.39,-791.75,182.26,-2.8153,-1163,1271.8,-455.69,873.45,-420.94,-542.78,-541.74,351.25,-794.73,208.2,108.28,-1279.7,1328.4,-679.37,748.63,-392.56,-550.5,-540.21,450.41,-537.89,213.37,-60.576,-1146.8,1323.8,-750.59,800.12,-458.37,-545.67,-543.76,426.98,-528.66,243.52,73.794,-1143.9,1332.4,-699.2,796.97,-390.2,-541.76,-541.69,413.76,-521.68,204.52,75.742,-1195.3,1353.4,-716.41,758.06,-386.34,-552.81,-536.33,413.6,-502.09,210.85,42.719,-1099.9,1312.5,-728.15,728.86,-424.75,-547.95,-549.42,445.64,-494.69,254.91,2.8715,-1110.1,1260.5,-609.47,771.52,-456.52,-534.51,-542.79,446.36,-508.07,194.42,93.197,-1140.4,1331.4,-629.67,796.33,-419.21,-540.97,-536.59,445.31,-512.09,220.08,127.36,-1120.9,1306.6,-692.5,787.24,-440.95,-544.35,-542.91,445.8,-492.17,240.36,79.511,-1128,1300.8,-715.69,740.87,-453.67,-540.16,-538.41,446.15,-487.12,170.52,106.5,-1135.5,1303.1,-580.47,773.34,-416.57,-532.72,-548.16,445.78,-505.37
-1979.4,-5210.4,-10457,14175,-3535,-7020.7,1456.9,-1081.1,-928.88,-231.27,-7905.7,-1576.3,-8835,-8683.6,10648,-3721.8,-6025.2,1098.3,-511.95,2201.8,-681.63,-8197.5,1131.7,-9390.3,-6400.5,10391,-1009.6,-9435.1,396.53,1924.8,4368.4,-979.25,-8503.8,-561.72,-7363.6,-3177.9,7197.4,-2277.3,-5993.7,4710.8,483.25,1595,36.821,-3936.4,1011.5,-6243.4,-2950.2,8103.2,-4748.8,-3239.9,3559.6,609.5,1436.9,-283.54,2179.6,1917,-4752.9,-2527.9,7883.2,-860.4,-3705,-9118.9,-4211.1,6016,-1124.6,1147.6,-3256.9,-4062.2,-2228.2,3515.3,1363.3,-3004.6,-10018,9929.1,3060.2,-1541.8,1296.9,-1717.3,-2636.2,-3338,3994.9,3084.4,-1633,6254.5,1814.7,3908.3,-1104.5,-3800.4,513.36,-3105.9,-994.18,4219.2,5750.5,-3846.8,-8440.9,-7706.8,15704,-1171.8,-3753.6,733.99,-807.29,-1753.1,6271.7,7688.8,-1358.1,-6323.2,5314.4,11593,-2990.4,-19839,-910.43,1124.4,-1273,7818.7,4492.8,132.54,-2534.9,-16647,-7717.6,-1259.5,-14234,-2537.5,878.35,630.95,5990.2,4945.5,-359.65,-1045.3,-1494.5,-6748.1,-2695.8,-21272,-653.8,90.98,2079.4,6205.8,4607.2,723.09,2849.1,-1420.5,213.62,-1854.6,-11627,-1585.6,911.02,619.81,5642.3,7424.2,1836.8,1202.1,-2727,285.86,-955,-4647.4,-1278,-1132.2,2329.3,4465.8,10415,655.83,-2775.6,-473.76,87.687,-886.13,-4039.8,-2025.5,-1592.7,1786.7,3937.8,8861.5,2342.7,6562.6,2379.1,-1962,-1030.9,-3071.3,81.239,-1542.3,2086.5,4022.8,6722,3652.4,5769.9,2442.7,-655.32,-1248.5,-1924.1,1285.1,-1713.3,1729.3,2238.6,6695.5,3850.4,2953.2,-350.82,-80.679,-1158.9,-1294.3,1947.9,-2072.5,1125.4,2234.7,7856.6,4226.5,2436.3,-296.33,-2673.7,-1117.8,-317.27,1337.6,-1870,813.98,2037.8,11057,2954.9,1712.9,-118.92,-1770.1,-1198.6,-490.67,1268.2,-1984.6,613.72,2436.2,10670,2585,1768.2,-2136.1,-3258.7,-1738.5,-3261.2,1486.2,-2531.5,720.52,2424.7,10426,3173.7,2285.2,-1399.2,-2296.8,-1892.1,-4064.2,1805.1,-2046.3,594.47,3049.6,9561.1,3269.4,2780.8,3369.1,2929.6,-1451.9,-3494.6,2352.4,-2076.6,3.7556,3000.2,8966.1,3154.8,2770.6,-1308.4,-1620.9,-1698,-6006.6,2511.7,-2879.1,536.94,2703.1,9150.5,3145.5,2523,608.29,-2634.4,-1587.7,-5738,2444.7,-3094.4,461.56,2680.3,9181.3,2769,2396.1,1097.6,-1942.1,-1586,-5877.4,2371.6,-3199.2,381.2,3128.8,9352.9,2142.1,2655.5,827.15,-1719.9,-1587.1,-6606.7,1844,-3046.3,77.874,2591.7,10396,1854.7,2388.2,1650.7,-2923.1,-1674.7,-5926.6,1749.3,-3155.9,6.8135,3607.3,9867.9,2240.6,2305,-253.49,-4766.2,-1642.1,-6576,1763.7,-2546.2,-1.0905,3241.5,9905.6,1843.8,11579,-357.88,4149.2,-1643.7,-6658.2
-531.1,-80.589,82.799,226.53,232.76,-381.43,50.346,0.32856,-4.7544,1.8146,-402.45,-291.57,-358.43,255.79,211.65,180.78,-190,56.39,0.66874,0.21926,-15.851,-364.35,-174.09,-169.57,251.77,101.44,254.04,-49.65,37.877,-0.12436,-6.7659,-31.371,-360.35,-159.51,-116.31,179.75,113.09,211.12,5.7916,-824.2,0.030734,-5.6849,-31.098,-363.56,-6.1998,-128.34,245.27,268.12,-57.832,157.33,-837.35,-880.4,-0.97664,-12.92,-395.81,-389.71,115.26,224.72,391.95,-218.86,193.99,-829.89,-881.97,-0.33864,-14.14,-561.02,-398.86,150.78,143.13,417.87,-843.35,102.79,-785.77,-843.36,0.77247,-12.138,-706.62,-374.48,244.8,118.19,612.01,-1227.8,-52.361,-791.94,-856.6,-0.092213,112.86,-899.07,-273.76,-106.61,300.44,420.69,-1521,-112.89,-795.69,-850.88,-5.6104,150.85,-969.33,-198.54,-364.28,267.91,201.77,-402.45,-700.53,-770.14,-846.61,0.89043,67.568,-668.59,-110.78,-595.22,330.18,126.92,-311.9,-751.54,-797.33,-843.97,-4.2726,66.156,-645.66,-148,-707.56,424.14,207.24,-305.66,-808.8,-811.89,-876.89,-0.695,15.039,-676.13,-112.34,-609.77,290.04,231.73,-276.8,-827.18,-821.78,-886.97,-3.7137,13.119,-677.99,-175.47,-531.3,330.83,285.97,-356.99,-916.46,-821.8,-842.98,1.1712,9.5258,-686.83,-155.68,-788.97,291.34,263.88,-176.82,-874.12,-782.12,-838.69,-4.0961,15.679,-733.93,39.108,-738.64,254.73,308.48,-245.84,-996.27,-778.19,-840.77,-8.1123,16.6,-736.2,-16.333,-740.19,301.78,317.72,-176.72,-917.48,-799.83,-843.14,2.5146,42.595,-752.15,-25.762,-822.01,229.41,314.49,-182.43,-892.85,-803.21,-869.99,-4.5586,48.003,-742.62,-72.715,-868.46,253.35,316.28,-245.8,-1003.2,-844.12,-888.56,-4.0347,48.752,-747.95,-48.47,-842.86,228.87,317.35,-214.95,-1060.1,-810.14,-880.08,-0.47517,48.015,-736.64,-11.588,-816.71,197.1,313.44,-165.46,-975.54,-813.26,-879.22,-4.2872,48.805,-738.36,-32.783,-857.18,223.82,300.18,-157.33,-980.29,-846.12,-876.19,-2.9336,33.065,-746.57,-56.641,-859.33,225.38,302.64,-206.19,-988.9,-825.9,-881.89,0.54962,40.483,-729.51,-65.692,-862.09,222.87,297.64,-217.54,-1007.6,-928.28,-976.62,-0.9976,40.633,-765.6,-46.749,-843.91,254.88,310.57,-158,-944.48,-942.48,-978.85,13.495,41.291,-762.75,-84.991,-829.31,246.18,329.3,-191.6,-949.66,-957.14,-986.61,-0.48643,40.02,-755.94,-62.441,-879.11,209.81,289.79,-216.95,-998.66,-939.33,-979.06,0.11387,40.901,-763.84,-81.627,-857.56,230.3,271.45,-188.25,-1005.8,-953.77,-984.88,0.95953,40.57,-763.81,-74.076,-909.63,226.39,286.68,-226.13,-960.22,-960.45,-985.7,-0.20578,40.749,-767.74,-70.13,-803.82,227.23,313.02,-194.85,-945.42,-934.53,-864.1,0.13872,40.123,-754.01
-1075.7,273.44,-253.33,-235.06,341.69,-497.99,49.558,0.49323,0.47386,-93.085,-254.76,-1008.8,47.345,-134.82,-269.49,275.72,-423.18,-948.6,0.45036,-0.54023,-61.848,-247.38,-960.19,186.98,-15.82,-306.36,327.02,-380.88,-957.55,-2.8869,2.0587,-57.34,-250.28,-936.42,218.64,149.9,-441.5,364.22,-292.78,-937.46,-1005,-1007.1,-77.579,-255.38,-901.42,235.7,262.82,-285.72,330.51,-198.82,-958.32,-1003.8,-1006.1,-110.88,-413.83,-927.43,515.66,187.38,-309.11,408.79,-182.35,-945.65,-1004.6,-1010.4,-150.73,-450.66,-998.86,484.34,565.3,0.95216,478.82,-85.896,-946.93,-1005.9,-1010.4,-133.1,-519.23,-649.42,677.73,324.06,-151.58,858.74,-208.34,-948.7,-1011.1,-1012.8,-148.83,-505.17,-584.38,693.53,357.52,-119.01,1048.4,-438.44,-959.61,-1003,-1009.4,-151.15,-546.54,-480,713.62,348.71,123.15,491.18,-282.18,-953.61,-1007.1,-1014.5,-139.92,-733.11,-430.47,619.12,329.37,19.996,358.04,-343.01,-953.29,-1004.1,-1011.6,-139.19,-763.13,-367.04,622.46,328.79,-11.59,306.12,-314.49,-957.01,-1023.1,-1009.9,-121.07,-793.77,-378.9,590.61,319.16,-83.938,202.8,-313.92,-952.14,-1043.9,-1010.6,-122.97,-794.4,-413.71,573.96,338.51,-97.262,275.32,-286.66,-959.44,-1005.6,-1010.6,-150.35,-789.24,-452.06,628.81,367.36,-80.062,267.81,-293.31,-962.77,-1008.2,-1019.2,-151.43,-799.07,-531.37,597.8,406.86,-92.331,286.19,-316.2,-958.6,-1010.2,-1022.5,-125.09,-842.91,-462.92,573.62,442.14,-49.636,-66.814,-334.07,-946.98,-1001.2,-1024.7,-101,-1004.9,-425.58,570.91,399.25,-20.983,-307.55,-327.29,-933.44,-1014.1,-1021.1,-94.902,-1068.9,-459.82,573.19,390.48,-57.317,-249.29,-469.07,-965.02,-1006.6,-1021.5,-93.926,-1056.5,-468.3,592.92,419.28,-108.17,-270.68,-510.57,-952.84,-1002.1,-1010.2,-77.214,-1066.6,-485.73,630.25,374.66,-111.39,-250,-540.04,-945.75,-1000.5,-1011,-76.785,-1051.8,-501.19,610.77,391.1,-85.262,-252.58,-506.12,-970.09,-1008.8,-1009.1,-80.286,-1055.9,-514.62,631.96,412.57,-124.73,-227.63,-539.18,-943.78,-1005.2,-1010.6,-68.491,-1055.3,-521.16,596.31,438.64,-136.75,-220.52,-565.39,-945.87,-1005.1,-1011,-68.49,-1055.5,-525.34,600.31,460.91,-163.76,-207.14,-545.33,-960.21,-1005.8,-1008.8,-68.29,-1048.9,-510.23,587.82,464.07,-170.51,-223.69,-523.71,-971.79,-1005.5,-1011.4,-69.196,-1048.2,-541.23,604.22,456.33,-162.62,-224.81,-532.35,-960.46,-1006.5,-1009.5,-68.614,-1044.4,-504.34,591.59,447.62,-163.95,-237.35,-546.34,-967.38,-1005.9,-1012.5,-68.639,-1046.5,-519.09,579.77,464.08,-152.02,-250.49,-529.04,-973.53,-1005.9,-1011.9,-68.486,-1045.8,-521.29,605.98,454.86,-178.18,-226,-535.92,-959.58,-1006.6,-1010.3,-69.808,-1043.5
-4892.5,-2760.9,1814.7,-2486.3,-4967.9,-3404.1,132.79,-1020.3,-1011.9,-194.31,-4294.8,-4126.4,-3554.5,2614.3,-3029.4,-4243.9,-3425.2,189.46,-1039.4,-1014.3,-254.51,-3778.2,-4342.5,-3189.7,2630.5,-4767.3,-2004.4,-2329.1,115.1,-1009.8,-1021.7,-307.32,-2627.7,-2642,-3110,2344.7,-3950.9,-900.57,-1209.2,156.67,-1958.5,-2014.1,-385.63,-2275.1,-2254.1,-3225.1,1623,-2823.8,-1507.4,-371.53,-5122.1,-1992.5,-1970.3,-857.85,-1788.4,-2076.3,-3019.6,1140.6,-1299.8,-554.34,7.5809,-4181.2,-2009.3,-44.771,-907.02,-1852.6,-1828.3,-2720.6,1002.5,-1697,-131.2,1065.2,-4368.4,1993.2,-1004.4,-709.32,-2182.3,-1568.1,-2476.9,696.4,-1020.5,-1316.5,2049.8,-7418.1,2001.9,-30.854,-320.3,-2076.4,-1152.8,-2772.8,895.93,-159.83,-1480,1997,2380.2,-6.1907,-1045.2,-411.12,-2462.4,-963.7,-2638.8,750.52,-955.11,-487.31,1446.4,2170.6,-118.03,-406.32,-380.4,-1960,-1488.7,-2668.5,868.4,-1239.2,357.95,709.94,2126.3,-2581.3,-545.2,-380.74,-2128,-1203.9,-2340.1,209.44,-1170,348.28,866.78,2144.4,-2204.2,442.98,-374.2,-1297.7,-1348.2,-2338,-25.694,-1285.8,770.07,914.24,2170.1,-2026.1,947.49,-639.67,-871.95,-1051.5,-2207.1,250.08,-829.94,1264.4,1034,2158.1,-4249.2,-2058.3,-658.54,-2055.8,-425.38,-2142.5,458.3,-1573.9,1077.6,1782.6,2166.8,-1304.1,-1658.5,-696.79,-1588.4,-609.77,-2312,835.7,-1658.9,523.93,2712.7,2178.3,-1069.5,-2112.8,-797.79,-1645.8,-695.1,-2204.9,1012,-1851.2,349.22,3435.9,1179.9,-623.9,-1682.4,-584.6,-1607.3,-739.9,-2007.6,1153.9,-1938.1,-1009.4,3850.9,-2783.3,-2973.9,-2053.5,-505.99,-1789.6,-1630.1,-1944.7,945.5,-1895.3,-456.12,3232,-2708.3,-5879.7,-3019.9,-505.7,-1950.5,-1795.8,-1645.2,564.03,-1762.4,154.36,2773.9,3255.1,-5799.8,-2901.7,-505.7,-1951.3,-2140.9,-1458.4,422.06,-2096.6,199.42,2437.1,3395.4,11.913,2967.9,-506.83,-1987.9,-2291.7,-1522.4,497.38,-2178.3,296.89,2522,3322.9,6.1472,2974.4,-493.45,-1950.2,-2250.4,-1424.4,385.3,-2108.3,306.57,2427.5,3416.5,-195.36,2833.7,-473.36,-1944.9,-2313.9,-1436.4,292.4,-2192.4,557.88,2243.9,3375.9,-108.44,2837.4,-473.19,-1934.2,-2231.5,-1284.5,196.38,-2042.7,522.25,2393.4,3286.3,172.17,3006.1,-505.36,-1897.6,-2485.1,-1271,206.31,-2320.2,320.08,2383.6,3334,309.07,3156.7,-505.05,-1872.3,-2488.4,-1648.8,617.83,-2423.7,209.66,2391.8,3312,299.23,3057.2,-505.6,-1883.9,-2429.9,-1282.9,237.65,-2097.3,466.69,2294.5,3324.2,43.875,3190.1,-538.89,-1904,-2504.6,-1367.8,354.23,-2164.4,463.24,2323.1,3325.1,217.27,3182.6,-506.82,-1912.5,-2405.5,-1382.8,365.72,-2301.6,540.47,2123.3,5332,294.65,5177.3,-506.76,-1944.7
165.04,-1359.1,526.94,88.248,-1336.1,213.31,21.58,-0.49093,0.11624,-87.144,-793.47,42.507,-1356.2,488.46,99.814,-1215.1,296.51,29.066,-7.0905,-1.4645,-127.5,-677.14,276.14,-1210.4,529.18,490.41,-1232.7,481.6,-949,0.30162,-3.4081,-187.53,-710.8,-181.78,-995.97,752.68,-318.16,-1283,690.56,-933.69,-964.17,-3.9803,-182.05,-738.61,-595.78,-573.41,733.79,-635.16,-739.38,226.39,-954.82,-973.2,-3.4096,28.613,-746.79,-698.81,-373.43,779.31,-857,-1015.4,434.1,-953.26,-1986.9,-1022.2,20.262,-800.33,-814.4,-453.16,1070.3,-837.99,-957.19,243.35,-954.85,-1978.8,-1012.6,33.04,-806.02,-841.02,-338.61,916.82,-809.93,-1327.4,432.6,-951.31,-2969.8,-2039,0.73367,-865.52,-1079,-429.39,983.63,-1038.6,-988.75,118.64,-946.72,-2966,-2022.2,-46.969,-851.91,-1234.8,-468.48,935.71,-725.23,-1141.8,365.47,-949.34,1294.7,2270.7,-67.344,-1093.6,-1101.7,-48.24,994.09,-641.63,-957.53,533.87,-952.24,373.96,310.8,-50.12,-1005.7,-1312.3,-83.372,964.79,-896.51,-568.38,360.82,-955.58,-1039.7,-100.26,-78.834,-955.08,-1409.9,-118.49,1110.4,-782.57,-410.64,276.11,-943.3,-1258.9,-318.2,-32.161,-947.28,-1391,16.512,858.86,-1058.1,-199.49,359.86,-966.59,-37.195,931.36,-31.287,-441.83,-1664.3,-84.557,907.44,-1101,-51.133,375.48,-941.86,-186.31,754.36,-15.727,-478.28,-1471.6,-318.79,1073.1,-1257.7,-255.99,282.54,-961.47,-26.158,949.11,-42.829,-385.65,-1491.5,-328.93,972.51,-1084.2,-95.484,296.77,-969.86,-216.63,775.47,-52.607,-451.45,-1599,-418.15,1014.2,-1295.3,-85.658,479.05,-1946.4,-1039.6,953.76,-50.865,-412.22,-1627.3,-262.2,1001.9,-1363.4,157,373.01,-1970.8,-25.479,974.05,-59.152,-388.32,-1786.9,-154.15,991.6,-1168.3,353.72,324.68,-937.72,-29.984,965.71,-58.231,-411.61,-1691.7,-165.1,921.95,-1197.1,-28.833,314.56,-932.11,40.175,988.76,-20.062,-479.13,-1809.5,-161.06,906.72,-1410.1,-247,215.97,-950.54,-29.829,964.13,-23.223,-505.53,-1693.3,-260.58,962.75,-1233.1,-317.72,92.788,-942.04,1051.3,2049.8,35.964,-163.97,-1600.8,-370.54,907.05,-1205.6,-621.79,152.18,-928.13,24.488,993.86,-20.98,-509.78,-1592.1,-583.81,823.07,-1237.2,-881.51,55.018,-929.37,-81.719,941.76,-20.809,-559.29,-1348.8,-652.83,722.34,-1191.7,-1045.1,35.28,-922.5,-31.516,916.3,-19.285,-538.83,-1274.1,-825.94,901.67,-1271.3,-1061.9,47.092,-907.11,-52.357,943.61,-19.797,-542.42,-1310.4,-725.9,806.57,-1251.7,-1136,49.946,-930.5,-41.864,851.6,-20.488,-552.23,-1230.1,-669.37,754.2,-1192.3,-1197.9,58.798,-929.2,-77.952,857.24,-20.644,-574.59,-1215.3,-627.93,766.52,-1200.1,-1172.3,67.276,-878.31,-82.567,873.57,-19.554,-569.44
-1558.8,-465.16,967.18,-39.952,-4846,-8.4435,-941.32,-0.4253,-37.658,27.799,-4069.6,-2320.6,-31.667,153.89,825.87,-6219.6,32.386,-973.77,-122.46,-17.881,37.89,-4990.6,-2909.6,-121.08,-661.45,1925.2,-7204.1,-956.88,-957.46,36.973,121.54,149.95,-5762.6,-3191.2,222.76,-1140.6,3559.8,-7497.9,-264.06,-3356.3,0.95169,6.1109,528.69,-5289.2,-1645.1,-1039.3,1460,-1150,-2759.1,-1285.5,2394.1,4348.9,3.649,-594.08,-2538.7,-2609.2,1014,-475.18,-2201,-846.69,929.94,3735.1,3404.1,26.316,-90.221,-2584.8,-1656.1,320.56,-194.03,-570.78,-2646.5,-1332.7,-14021,-576.34,-31.326,275.67,-3148.6,-2212.9,-130.25,688.24,-939.29,-1961.2,-2083.6,-12086,-6499.1,-5507.3,146.94,-3233.2,-2671,1129.3,84.265,-417.26,-1002.8,-2082.5,-194.27,-5509.9,-5475.1,38.444,-2917.3,-1971.2,-573.95,2073.8,-790.44,-1219.9,-1598.4,-143.24,-5413.3,-5511.2,49.48,-2717.8,-1281,-620.2,1377.9,-1909.4,-1378.6,-927.51,-121.2,-3527.9,-2.3282,145.01,-2452.3,-1695,570.73,2246.5,-666.93,-1799.4,-290.86,-181.83,-711.86,7.8196,46.247,-3189.1,-2103.2,445.71,2374.2,-804.86,-1700.2,315.7,-88.916,-566.72,-6.8468,131.48,-3151.1,-1842.7,581.4,2041.1,-117.74,-1833.2,182.32,-127.25,-1007.1,15.283,48.136,-2705.6,-1724.4,223.34,2859.3,304.06,-1131.6,260.01,655.98,-3059,-9.128,-89.221,-2453.8,-1379.5,2706.4,-16.321,902.94,-2558.6,331.52,651.17,-3120.2,-1055,59.991,-2190.7,-977.51,1924.6,1357.2,1945.7,-2805.2,627.55,-4053.6,-2914.8,29.81,41.753,-1929,-993.27,2487.1,48.089,3725,-1818,340.75,874.14,1422,-1043.2,45.129,-971.14,-518.32,3113.4,-1211,5168.7,-1114.2,191.09,814.95,-1838,-3996.4,29.902,-472.04,-2418,3916,-2568.1,6361.9,-435.57,2280.4,1286.7,-1373.5,-4447.9,45.658,-254.98,-2542.9,3871.4,-1398.8,6214.3,-1258.9,1824.4,390.22,-1516.6,-4425.2,46.26,-240.89,-2710.7,3482.3,-197,5400.8,-1728,1831.3,599.33,-1191,-3983.8,22.904,-126.05,-2291.9,1579,1561.7,3390.5,-1725.3,1616.6,381.26,-521,-3912.2,30.809,-25.639,-405.24,-320.74,4225.5,556.14,-2843,-574.3,1662.6,285.36,-3983.3,30.974,350.17,532.5,-2301.4,4703.2,-1433.9,-2027.4,-1089.5,1736.3,-193.12,-3997.3,45.957,465.17,818.29,-1500.2,3040.3,285.33,-1127.9,-825.14,2659.6,-318.63,-3945.1,45.521,444.14,106.5,-1923.4,3152.8,-756.23,-981.41,-508.15,2582.4,4318,-3984.7,153.83,886.33,-481.22,-2222.5,3488.6,-410.8,-665.83,-222.16,7020.1,4100.1,-4006.8,87.76,122.63,-116.51,-2383.2,3097.4,65.756,-1493.5,-1516.5,7272.5,4371.1,-3988.6,276.24,-243.51,-535.05,-2442.2,3197.5,-11.245,-1883.4,-1953.1,13971,18989,-3932.6,276.06,-266.29
-1205.4,-385.55,57.032,-290.42,-91.591,-1470.6,1046.1,-0.39766,-1.6429,-149.11,-404.82,-763.18,-1087,821.23,-834.37,518.15,-915.3,1074.3,80.741,3.2448,-203,21.035,-502.02,-764.55,1602.8,-1606.6,1054.1,446.5,2994.8,30.623,-70.241,-288.36,84.972,-266.56,-483.17,1183.2,-2171.5,1003.3,-890.85,-2337.8,53.963,-991.01,-312.96,-205.89,-1769.7,971.79,180.93,1051.1,-2228,-134.86,-1881.2,-3384.4,-991.46,197.19,-2093,-938.26,405.31,1237.9,586.24,-3051.4,-2064.6,-3216.1,-2460.9,-1005.2,-47.78,-1854.6,-1332,204.11,1661.7,-108.11,-1618.9,-1274.9,11801,522.74,-2972.8,-330.09,-1161.9,-718.52,325.08,1428.9,-183.52,-1157.1,-598.97,9868.5,484.52,-4113.5,-329.01,-763.29,-310.49,-421.78,1891.2,-158.14,-889.54,-657.48,1714.2,3573.9,-4118.7,-318.74,-692.09,-138.7,300.65,1104.6,142.8,-1176.2,-392.6,1689.5,3515.5,-4111.4,-312.45,-684.99,-66.251,229.87,1205.6,214.58,-1176.5,-177.13,1630.7,1609.8,-4029,-325.87,-579.02,-39.46,-423.02,751.37,-61.277,-774.93,-149.34,1623.5,1436.3,-3029.7,-213.1,-389.91,395.5,-99.843,248.83,-223.21,-730.03,-181.11,1523.6,456.11,-3015.5,-250.74,-461.29,271.79,-48.229,681.04,-213.31,-1029.4,-451.5,1580,-444.54,-3033.6,-270.57,-643.05,-65.814,-0.39119,390.94,-792.21,-748.62,-300,1698.4,1544.7,-4030.8,-280.92,-860.8,-765.79,-586.97,1416,-885.62,-156.11,-33.253,1750.2,1591.7,-4036.5,-245.88,-935.77,-1001.4,-387.4,1363.6,-1695.4,-439.3,-36.891,1589.4,1394,-4037.7,-268.77,-984.17,-710.04,-795.3,1953.6,-2539.6,-807.51,-364.89,1530.2,1415.6,-4041,-270.94,-1356,-1673,-1410.3,2770.3,-3640.7,-588.85,70.502,1416.3,238.71,-4025.7,-277.3,-1598.3,-716.45,-1378,3117.6,-3476,-999.92,-942.26,-1003.6,-126.66,-4027.6,-270.9,-1707.1,-678.81,-1448.4,2595,-3911.2,-227.57,-421.93,-840.1,-47.972,-4030.1,-314.1,-1568.5,-597.23,-1767.1,2442.7,-3442.4,284.91,-235.24,46.852,877.48,-3024.5,-322.11,-1670,-513.42,-653.1,1516.7,-2537.2,643.48,-600.05,1234,2219.9,-3026.6,-305.35,-1683.8,-1462.2,450.66,247.68,-1237.4,1093.1,443.04,256.55,1197.2,-2023.7,-272.31,-2030.3,-1625.9,1522.7,-475.6,225.34,718.8,533.4,-729.4,121.99,-2025.2,-286,-2099.4,-1377.9,659.15,191.83,-676.97,166.41,500.01,-1772.2,265.13,-2048.3,-309.53,-1997.6,-1000.4,1075.8,-222.89,62.75,-208.45,549.33,-1800.2,-4330.4,-1992.3,-316.59,-1821.5,-584.86,742.9,-237.68,-207.43,-297.63,425.28,-6252,-4149.6,-1998.1,-322.54,-1628.5,-826.19,582.48,324.04,-586.56,376.68,1639.3,-6480.4,-4504.4,-2023.1,-511.38,-1278.6,-794.03,543.54,408.66,-700.59,818.19,2010.5,-6354,-14503,-2027.9,-510.06,-1287.8
-7200.9,2694.8,729.21,864.45,1759.2,-2124.4,402.13,-2711.4,-3010.8,-766.11,-3498.3,-3008,937.58,1514.9,3210.7,485.64,-617.05,379.56,-2879.9,-2982.5,-278.34,-3624.2,-7126.3,1970.6,2095.1,-2278.1,1950.6,-1147.1,-533.85,-2886.6,-4981.5,198.8,-3595.5,-4043.3,2193,3494.3,-1175.6,2306.9,-3468.6,-446.86,-6753.2,-10882,-1252.3,-3362.2,-5498.3,1601.9,3341,-2007.2,2868.4,-3638.3,-543.85,8910,-7962.5,-683.84,-3643.2,-4240.9,3690.9,1623.2,1461.1,3807.1,-4849.5,-479.53,19202,-4116.1,-770.28,-3518.7,-3872.3,-5323.3,6226.5,-3831.1,-3149.4,-4146.7,-482.28,-4930.5,-4910.6,163.4,-3347,-2592.3,-2519.2,2276.6,-1133.8,3132.6,-7122.7,-482.22,7528.6,-1600,319.72,-2940.8,399.68,-5309.5,1694.6,-317.03,-4014.9,-5919.5,-626.32,-2002.7,-1999.2,-49.79,-3020.5,474.46,-7517.6,-519.73,-6378.1,-5003,-8733.9,-548.28,-10178,-11771,-382.94,-2564.1,4603.1,-10049,-831.44,-4334,-8412.6,-6828.6,-4550.8,-15319,15453,-203.73,-2325.8,5505.9,-9884.7,505.31,-384.69,-13220,-3423.1,-4606.7,5040.7,1962.6,-447.57,-1858.1,8320.4,-8278.1,2610,-2805.4,-13917,-743.53,-4632.5,5643.9,6410.2,-433.77,-1888.8,9298.2,-5876.4,379.47,-2715.2,-14522,1188.9,-4517.2,2801.1,3542.1,-441.5,-2840.4,6550,-2425.6,2255.9,-1128,-6178.9,380.44,-4574.8,1799.1,1760.6,-842.46,-4464.6,4202.8,-455.63,3659.3,-401.02,186.07,368.85,-4546,6061.2,6115.2,-313.68,-3139.9,4822.1,507.42,5383,-345.76,-120.57,3254.3,-5399.2,6151.2,6377.8,90.526,-3252.5,1268.2,2312,5236.8,207.44,3651.7,2072.7,-5498.4,5563.2,5521.6,142.91,-3475.2,2440.8,1037.3,3123.6,4523.2,378.32,1376.7,-5724.3,4890.2,3944.2,386.85,-3737.8,5714,-4583.4,8024.2,-7926,-7246.5,3227.5,-4526,3154.5,2104.1,386.34,-3615.5,3629.4,-3217.8,2894.6,1090.6,-4274.4,1207.4,-4492.3,2981.6,1762.4,393.99,-3771.8,3561.3,-4763.6,3538.5,1087.7,-5498.6,1009,-4673.1,3247.8,2227.2,357.21,-3685.6,3264.8,-3373.3,3512.8,-647.5,-4859.4,1838.6,-4471.7,-7520,-8895.8,-414.59,-8483.2,1631.5,-838.23,4332.1,16.276,507.73,149.84,-4442.2,4384.9,3354.5,441.96,-4368.5,-1051.8,3670.8,6644,-544.86,6349,1599,-4606.2,-2325,-3310.5,-6.6694,-6569.1,-6023.7,9510.6,6682.1,528,14018,2509.8,-4642.4,-2080.1,-3044.1,-39.425,-6565.8,-7185.8,10980,6286.1,791.16,15241,2406.7,-4577.6,-2275.3,-3330.3,17.923,-6620.1,-8337.6,11471,6065.2,759.84,15728,2167.4,-4646.5,-5428.2,-6302.5,-207.93,-7633.1,-9204.7,10924,6331,344.49,15960,1841.3,-4693.2,2448.7,1476.4,240.8,-4925.2,-8996.5,10858,6497.2,589.33,16393,1895.3,-4574.9,2587.5,1558.1,240.47,-4722.3
-6377.7,-5181,1395.4,-1244.5,-9099.2,-6722.1,-1730.7,-96.378,-39.047,-646.77,-15924,-8256.7,-5235.8,665.82,-2156.9,-6474.9,-8288,-1557.6,-257.25,-39.991,-905.47,-14056,-2766.5,-7005.6,4403.9,-1395.8,-4851.3,-5429.7,-3710.2,-13.16,-97.548,-752.28,-18275,-3812.8,-3770,2854.7,-59.191,-4379.6,-4933.2,-3454.4,-2064.6,-1109.2,-1335.2,-20894,-3605,-3288.7,3552.5,-3657.2,-4297.6,-1591.8,-5038.9,-2848.4,-1046.2,-699.42,-18925,-5026.6,-2252.2,332.29,-3289.6,-5976.8,186.35,-1506.8,4713.7,-13277,-353.66,-17495,-4575,-676.29,293.55,7124.5,731.69,-4564.4,6717.7,772.74,-14117,-26.277,-14909,-1339.9,-3949.6,3530.9,-1576.9,2684.3,-1353.9,-7648.1,-2146.3,-2132.7,379.36,-11430,-4286.5,-836.6,-404.03,-3058.6,4005.4,5355.7,4673.8,7277.9,461.14,-1547.9,-10814,-5728,-3144.9,1731.3,-4696,4623.1,4909.4,-10644,-7271.9,-9266.4,-755.93,-3427.3,-4430.8,14.724,-1394.7,-1722.2,2489.3,6561.3,5766.4,7186.5,8500.7,-575.97,-423.7,-3040.2,-413.36,-1781.7,2350.7,2700.9,7593.6,5821.4,-1116,544.13,248.85,-5593.2,-6536.2,3153.2,-7263.2,-2714.8,1336,8151.4,5347.7,-1539.5,-1874.4,865.38,-398.95,-4747.1,1500.5,-7396.3,-2513.9,-355.17,6929.9,5348.2,-1989.8,-1941.1,736.19,-947.23,-4244.2,1593.2,-11325,43.85,747.28,8549.2,4865.4,-2516.2,-2831.8,291.43,-2262.5,-4336.5,2371.4,-12030,-1142.9,3861.1,6483.3,3192,-2937.7,-2481.8,332.82,-2714.9,-2772.3,2194.9,-12706,-1639.8,7560.4,6632.4,2239.4,-3020.8,624.55,234.74,-430.88,-1470.1,3111.9,-14464,432.31,6448.3,9824.3,2077.9,-4654,-1218.2,414.96,-41.315,-2747.4,2371.8,-13572,-1457,6847.5,10450,1957,-3718.2,-2827.6,614.75,-756.83,-2812.1,2628,-13247,-1104.6,8234.3,11222,4060.4,-5229.6,-410.4,623.54,-753,-3027.2,3050.1,-13523,-1860.9,8544.1,11145,3113.3,-5203.4,-4699,803.9,-177.47,-3347.5,2571.3,-13622,-1866.7,8372,11077,2924.3,-4626.6,-1611.7,628.46,-172.28,-3373.7,2907.4,-13274,-1726.7,9035.8,10853,3096.7,-4407.8,-2080,684.61,-184.94,-3139.5,2441.4,-12719,-2898.7,8152.3,11671,4024.4,-4739.7,-3794.7,675.41,-379.09,-3154,2429.9,-13324,-2685.1,7738.6,11301,3914.7,-4631.2,-4644.6,709.32,-545.12,-3386,2274.2,-12865,-2962.5,7959.1,11219,4921,-5490.3,2115,820.01,-407.91,-3394.3,2475.8,-13008,-2826.2,7565.5,11507,4929,-5506.7,2278.7,876.86,-863.66,-3392.2,3029.8,-13189,-2479.5,8814.7,10515,5023.9,-5072.6,2802.9,871.35,-1367.5,-3707.7,2560.6,-12715,-3231.2,8156.2,10746,5872.7,-5059.3,2163.4,872.58,-1262.7,-3612.9,2637.6,-12655,-2748,7683.7,10788,6038.5,-3551.1,3192.7,880.52,-1379.6
-143.96,-215.21,11.958,134.99,-95.791,367.89,24.981,-1.1241,-0.45469,-137.51,-365.11,-248.89,-296.82,54.596,-2.6888,-135.94,499.11,-977.56,-0.77918,-0.56671,-105.38,-352.72,-229.24,-283.15,99.026,12.754,-112.66,421.08,-992.8,-6.9215,0.86646,-105.06,-370.28,-172.71,-236.86,-3.5842,-19.921,-49.061,321.3,-973.02,-1005.1,-1009.1,-89.552,-362.84,-270.92,-310.59,24.01,-74.435,-211.15,352.02,-985.35,-1003.5,-1012,-162.54,-365.16,-195.72,-486.79,46.536,49.528,-546.39,423.21,-976.06,-1005.6,-1009.2,-162.36,-376.28,-185.48,-490.24,-354.62,-390.48,-405.94,262.28,-975.87,-1014.2,-1010.6,-193.42,-274.71,-504.02,-499.97,-468.63,-447.03,-139.32,26.282,-977.54,-1012.6,-1010.9,-196.02,-233.06,-551.78,-435.51,-526.72,-349.81,-316,70.136,-981.15,-1005.8,-1010.4,-207.88,-216.73,-633.14,-406.04,-555.81,-391.68,-304.79,29.948,-974.29,-1006,-999.66,-201.08,-242.82,-670.4,-394.82,-521.18,-381.8,-170.41,-47.897,-981.99,-1004.5,-1011.4,-202.55,-256.34,-767.09,-342.53,-533.98,-404.23,-169.19,-96.069,-981.74,-1009.7,-1009.8,-198.23,-236.02,-774.43,-277.59,-535.93,-355.61,-83.621,-158.9,-980.63,-992.91,-1010.2,-191.32,-250.76,-736.18,-310.76,-522.86,-352.1,-180.49,-98.02,-983.3,-1005.6,-1009.7,-233.05,-265.75,-766.87,-303.25,-525.67,-378.54,-115.9,-123.2,-976.41,-1001.3,-1011.3,-226.49,-259.76,-748.21,-295.28,-558.82,-312.32,-25.903,-153.08,-970.71,-1010,-1006.4,-194.81,-271.07,-808.82,-348.63,-538.78,-346.9,-39.849,-193.32,-969,-1008.1,-1001.7,-165.94,-272.49,-795.41,-333.41,-540.77,-312.25,-61.342,-196.32,-969.67,-1001.1,-1015.1,-162.77,-271.7,-767.04,-325.87,-541.2,-301.01,-106.46,-103.88,-986.48,-1005.7,-1001.7,-161.72,-283.23,-767.47,-337.69,-520.24,-331.4,-106.32,-142.16,-980.09,-1006.1,-1011.1,-161.11,-282.56,-762.24,-334.96,-546.32,-348.47,-88.314,-147.76,-976.09,-1006,-1009.8,-169.8,-289.7,-795.31,-351.01,-556.6,-334.22,-86.89,-141.8,-989.7,-1006.5,-1009,-174.75,-293.27,-758.65,-314.25,-533.27,-312.42,-74.733,-130.65,-977.59,-1012.3,-1009.5,-170.16,-292,-754.7,-373.45,-562.26,-373.8,-115.36,-132.43,-976.13,-1005.2,-1011.1,-169.99,-306.74,-756.56,-380.95,-534.85,-362.91,-67.155,-127.06,-984.95,-1006.9,-1009.2,-169.93,-295.27,-758.27,-349.7,-542.7,-330.3,-97.328,-127.43,-991.03,-1008.1,-1012.7,-169.23,-296.65,-755.33,-359.69,-562.03,-333.04,-119.5,-138.75,-989.54,-1006,-1013.3,-170.62,-304.75,-756.99,-368.69,-545.93,-340.98,-71.23,-140.38,-992.99,-1005.4,-1013.7,-170.1,-304.51,-774.39,-357.35,-547.3,-323.07,-69.059,-135.32,-990.84,-1006.5,-1010.4,-170.19,-307.07,-761.1,-363.07,-552.47,-315.85,-99.168,-132.01,-989.67,-1007.3,-1015.4,-169.88,-301.87
-8010.9,4526.3,-2673.1,-3857.4,3266.4,-4247.1,164,-1.0251,19.3,19.917,-4385.9,-2397.9,2995.6,-3636.2,-3084.3,2597,-4783.7,113.61,125.49,23.128,500.53,-4264.8,-1348,3772.8,482.76,-312.23,-1784.2,2406.6,242.1,-5.5617,-10094,484.06,-4029.6,-426.98,4633.2,-963.18,8745.5,-4459.7,7235.6,157.21,-14902,-10065,-80.233,-4086.7,2904.7,279.53,-188.39,6319.3,-7509.6,5152.4,92.642,-29126,-4270.3,-1158.9,-3552,3858.9,-3112.2,-1841.7,4702,-6757.8,1447.7,115.94,-3500.9,6640.4,-1272.7,-3235.1,1813.1,-5016,-1536.4,3313.2,-4231.2,-351.99,70.023,-17430,-17851,-1417,-3272.4,372.2,-5342.2,9301.4,-2410.1,-214.8,3540,-717.78,3190.1,2825.4,-1419.7,-3179.4,1130.8,-4400.2,3312.6,4065.1,-3145.6,1803.2,-916.1,1003,-1485.8,-905.98,-3129.6,5850,-2892.7,6745,-1751.5,-1153.6,-196.82,-3782.3,-2306,-1415.8,-600.04,-2282.4,-1530.5,-5448.3,-1154.5,2778,-1775.1,-322.32,-3826.3,-1952,-2120.7,-948.64,-2462.8,-1152.8,-4936.3,-2286.5,5020.1,-3542.6,171.36,-3741.9,2813.1,2404.6,-473.85,-2246.2,-255.31,-4398.2,-2072.7,781.86,-5068.2,800.46,-3687.2,3109.9,2824.8,-768.1,-2067.3,-1188.4,-4132.2,-1111.6,826.26,-2222,633.81,-3929.2,1802.4,1769.2,-821.13,-2452.8,-330.25,-5773.7,-4045.4,-3227.3,-5345.6,-1362.6,-3791.1,827.42,1511.3,-853.11,-2500.7,-1440.1,-7308.9,-4070.7,-1851.6,-5533.2,-1625.7,-3771.2,956.62,769.39,-760.22,-2869,-1401.4,-2783.3,-2532.9,2456.8,-4315.2,103.35,-3836.3,1001.2,1100.6,-828.46,-2865.6,-3517.9,-8557.1,2287.9,-4726.5,-6376.9,246.72,-3844.9,877,832.65,-817.48,-2951.9,-1809.5,-6528.7,-817.34,-2234.7,-6269,434.44,-3881.2,393.07,335.81,-818.57,-3220.2,-2474,-4318,-2057.2,-970.27,-5452.4,318.11,-3864.2,-466.75,-536.69,-810.27,-3147.5,-3113.3,-4261.9,-1746.2,-2759.5,-3527.7,-564.74,-3753.4,170.92,-94.003,-818.52,-2977,-984.79,-3769.8,-2996.4,-1486.7,-6955.2,1334.8,-3896.7,-1015.6,-634.42,-839.88,-3271.2,-1003.4,-4469.5,-3699.8,-2234.4,-8388.4,2545.1,-3862.5,-412.86,-407.75,-823.95,-3148.9,-1379.7,-6719.1,-4839.7,-3423.3,-8574,-2050.9,-3860.4,-1402.7,-615.43,-829.42,-3180,-2271.4,-5341.8,-3949.9,237.66,-7558.2,-1459.4,-3899.3,548.93,239.74,-828.64,-2820.9,-2686.7,-4527,-2769.2,2532,-5693.9,-971.18,-3892.1,-373.44,238.46,-844.47,-2829.5,-3689.3,-5381.5,-1894,-268.78,-4673.2,-752.02,-2906.5,1480.1,1288.9,-827.55,-2923.7,-4473.7,-6552.6,-1731.2,-3846.8,-3536.2,-361.71,-2883.4,1379.9,1682,-1059.7,-3002.6,-3848.5,-6254.3,-1035.4,-2856.9,-2900.8,-511.4,-922.58,788.57,1690.2,-1073.3,-3060.9,-2402.2,-4478.5,-253.04,-698.24,-2336.4,-127.8,-965.95,3561.3,3686.7,-1008.6,-3252.3
953.68,-4937.7,1205.1,3998.5,-6039,1544.9,84.58,-3438.2,-3133.8,-1274.1,-6749.1,382.17,-5863.6,3004,3196.7,-6537.5,1516.7,148.51,-2349.9,-2225.1,-2141.7,-6655.8,1017.9,-6073.8,1735.8,1302.1,-5295.1,-270.7,-4.5049,-5290.1,12914,-1563.3,-6716.5,1501.8,-6276.5,2682.8,-530.79,-1865.7,-3355.7,-2735,8857.6,2770.2,-1252.1,-6208.1,-1986.9,-4694.1,2375.8,-2848.3,469.52,-1988.4,-2808,7417.1,1633.4,-642.82,-6376.3,-2574.1,-2408.8,1278.7,237.82,109.02,126.05,-2792.7,1427.8,-7246.7,-663.47,-6061.8,-1186.7,-980.44,186.68,914.85,-3382.7,2374.7,-4303.5,19371,19233,-638.11,-6202.8,-186.51,-889.93,-3834.1,3290.1,-5613,1182,-4394.2,1404.8,526.77,-662.49,-6067.2,-741.21,-1781.2,-8039.7,1066.1,-5913.2,-2628.6,-4264,1198.8,1019.5,-1516.5,-6024.7,-1921.4,-1986.3,-8080.2,5477.9,-7677.2,-458.4,-4366.7,1169.3,884.4,-1540.8,-6031.9,1816.8,294.53,-5844.5,3043.7,-5475,-1711.7,-4388.5,1382.3,392.13,-1276.4,-5958.8,848.43,1261.6,-5537.2,2114.7,-3587.4,-1785.7,-4923.2,879.58,681,-1531.4,-5921.6,173.3,-446.61,-5413.7,3001.9,-4245.2,-1854,-4941.6,583.95,677.25,-1783.5,-5857.3,936.56,259.38,-6603.1,4724,-6038.3,-1979.7,-4955.1,-467.86,-120.42,-1750.2,-6260.9,511.85,-249.2,-6081.9,4342.8,-4870.9,-2502.4,-4961.3,3364.5,2597.6,-1364.3,-5305.7,1635.1,909.91,-4655.6,5849.7,-4698.1,-2030.6,-4938.2,1602.5,-227.23,-1301.2,-6145.4,2214.1,-3675.5,-5924.8,472.46,-6400.1,-3487.7,-5453.7,952.06,-377.73,-1341,-6107.1,3670.8,-1077.8,-4829.1,3918.3,-4702.4,-2716.1,-5306.6,-492.59,-416.89,-1329.2,-6255.9,3023.5,-2224.2,-3609.3,1854.3,-4278.6,-1882.7,-5513.9,-569.98,-285.81,-1329.8,-6227.2,3537.5,-2194.4,-677.01,1869.5,-2732.5,261.23,-5461.5,-698.38,-506.51,-1326.3,-6203.8,3847.9,-1328.8,154.66,2732.4,-2974.5,1413.9,-5454.6,-524.4,-356.18,-1326.5,-6336.6,2616.4,-1051.6,1232,3377.6,-488.07,743.85,-2531.6,2814,2956.8,-1346.6,-6333,2620,-343.79,461.99,3361.7,-48.75,28.787,-2474,-2052.9,-1970,-1293.5,-6616.9,2651.7,-419.9,128.63,3591.6,-669.06,316.17,-2444.4,-1661.5,-1621.7,-1216.7,-6588.1,2957.1,-782.2,-1393.7,2016.9,-1033.7,-849.12,-1498.9,-985.21,-1702.2,-1220.5,-6709,2637,-2682.8,-3077.5,-328.1,-3271.7,-1724.6,-1533,-1198.1,-627.82,-1219.1,-6705.7,3965.9,-1128.8,-4458.5,2896.1,-3917.4,-2008.4,-1516.8,-960.29,-688.74,-1252.7,-6739.9,5230.4,-432.83,-4362.8,6241.3,-4940.7,-2656,-1516.4,-855.34,-1735.4,-1153.1,-6749,4635.3,-951.99,-5013.8,5843.2,-6483.3,-2004.5,-1539.3,-1773.5,-1729.2,-1154.2,-7123.7,3036.6,-2224.5,-5966.3,3152.5,-6692.3,-2355.6,-1504.9,-1912.8,-1731.6,-1154.8,-7249.8
-5602.8,-2792.4,-3395.4,3876.2,-2438.5,-2190.2,804.9,-34.859,-19.517,-1473.5,4101.1,-4050.2,-6738.9,-1985.1,1916.4,-234.77,-3348.7,995.22,-342.03,-23.503,-1107.8,4266.6,-3205.3,-5421,20.521,674.83,402.8,-1431.6,676.09,-51.431,68.389,-1335.5,4278,-2585.8,-4385.5,1974.2,-2163.4,1037.8,1109.9,161.54,-992.47,-1043.5,-1626,4243.8,-3750.4,-4508.4,1582.3,-4419.4,1024.9,2147.6,-4830.7,-1014.5,-985.05,-761.69,4901.9,-2865.4,-4049.8,2414.6,-90.269,3775.2,2044.4,-6431.8,-1196.7,3294.7,-951.4,3436.8,-3248.7,-2899.4,2694.5,-1655.3,1674.4,4323.3,-4500,-4242.4,86.277,-1740.8,1725.7,-1887,-3157.8,4111.5,-2579.7,571.87,4570.7,-7551.3,-8219.8,7958.1,-1846.5,539.26,-1338.6,-3186,2071.4,-1592.8,-1046.6,483.27,8036.6,-8859.1,5950.1,-1785.5,-1457.1,-5578.7,-3321.9,3218.2,-7733.3,98.761,1821.5,5195.3,-13167,4281.7,-341.37,-3031.2,-3807.1,-1133.8,3908.7,-2850.1,2031.8,241.7,-601.49,-16750,3519.6,-369.6,-4923,-4049.1,-1417,7514,-2237,-2738,1063.5,4695.8,-14165,-13601,-607.48,-3177.9,-1375.7,-1012.4,7897.4,-1418.3,-3542.2,1086.6,-9641.5,6622.7,15674,-1311.7,-1776.7,-205.93,-331.34,6036.5,1118.4,-3528.1,4614,986.57,-1225.7,-8158.9,-1787.7,-1008.9,743.27,-1320.6,5805,-187.91,317.62,4748.6,919,2846.6,7532.2,-1683.2,-1796.1,5178.9,-3243.7,5341.2,4934.1,-11826,6983.1,469.45,-8454.7,7086.3,-1983.4,-1900.9,2680.8,-1575.4,1057.6,256.64,-1178.4,5278,4904.5,394.46,7647.3,-2093.2,-668.56,2219.2,731.15,-2079.5,904.64,-1519.5,6618.5,-3957.1,7609.9,6901.6,-1907.2,-771.11,2939,1808,-3469.9,1993.7,-3235.9,8255.6,-2106.7,-3433.7,-1118.6,-1675.4,-1700.3,1823.5,1903.7,-3838.3,1449.9,-5069.5,6820.6,-1716.8,-1447.5,-152.31,-2135.2,-2730.8,2699.1,1103.4,-4364.3,2180.8,-4463.7,3021.6,1194.5,-1288.9,-376.54,-2284,-3249.5,4067,859.79,-4964.5,1966.4,-2607.7,-1189.2,1707,-4282.5,-2039.4,-2402.2,-4832.1,6816.2,573.04,-3790.4,232.27,-9629.1,-3756.1,2185.9,-6631.9,-1774.1,-2401.4,-5534.7,3814.3,609.61,-5293,2866.9,-8495,-6862.2,2449.7,-5664.5,-1979.1,-2388.5,-6249.1,4269.9,-136.48,-4997.7,2451.8,-7521,-8708.4,1971.4,-4312.1,-1982.1,-2304.4,-6514.4,1850.5,691.58,-5523,1809.1,-7054.7,-9034.8,2048.5,-565.77,-1964.4,-2320.5,-6097.5,2117.1,-239.41,-5677.9,2243.9,-7276.6,-9917.6,3160.1,-204.93,-959.25,-2255.2,-5648.1,2731.4,150.51,-6220.9,1762.7,-6801.6,-10363,3045,42.195,-985.68,-2271.8,-5921.2,3073.3,180.05,-6597.5,2090.1,-6903.5,-10785,4983.6,-86.481,-937.91,-2221.9,-5990.4,3174.7,707.58,-6939.1,2285.4,-6956.1,-11235,6321.5,-1141,2118.3,-2203.2,-5959.9
-2256.7,-2720,-617.86,1588.4,-4903.4,-3139.6,68.106,-1007.7,-1022.2,-214.21,-6356.8,-3216,-2836.8,-10.136,-889.79,-4021.5,-2211.1,239.22,-1087.6,-1043.4,-174.08,-5774.9,51.771,-3051.3,2929.6,1757.6,-5727.1,1382.6,159.58,-1005.4,-951.86,-604.89,-5475.7,-4261.2,-1824.2,774.83,595.31,-5088.9,1812.9,-824.68,-5034.2,-2028.5,660.7,-5777.1,-3558.2,-1196.9,2301.4,754.15,-5645.6,2253.6,-938.08,-5805.3,-3003.4,107.92,-5664.5,-4736.9,113.32,1411.3,-265.39,-4386.2,3588.7,-854.51,-11940,6419.3,-512.76,-5524.7,-3902.7,724.68,1887,1941.3,-4499.6,3756.8,-1809.6,11165,126.42,-743.33,-5179.3,-4558,1926,2289.8,371.13,-7403,7681.2,-1814.5,-5922.5,-3100,-450.72,-3243.5,-3072.1,4601.8,-4080,-440.35,2701.3,2163.8,-1914.9,4038.3,5088.1,-606.37,-5198.7,-2319.7,5998.3,-3772.6,379.93,7157.2,1240.4,-2868.6,2511.6,5209,-656.9,-4844.6,-4167.4,7102.1,-3098.9,1643.8,7806.4,1709.1,-2970.8,3973.7,-889.1,-614.69,-4800.4,-783.79,5866.6,-2503.4,2265.6,6470.9,1087.9,-2979.1,-2187.8,-776.31,-741.94,-5851.6,-2058.1,5973.9,-2341.1,2367.6,6614.9,722.35,-2950.3,-2329.2,-752.12,-688.64,-5443.1,-1546.1,4901.7,-1990.3,2532.8,5286.1,827.5,-2945.8,-2176.1,-897.85,-513.67,-5291.6,-1894.2,4214.3,-2166.6,1789.7,4304.9,1498.9,-2940.4,-2591.4,-734.62,-545.95,-4664.9,-790.71,2857.3,-2142.7,1998.1,2754.9,1663.4,-2920.8,-3421.5,-3738.4,-589.65,-4901.4,-512.4,3508.6,-3424.4,2205.1,2906.1,1696.5,-4933.5,-3389.2,-3554.7,-700.41,-4886.6,926.06,2131.3,-2475.7,1146.3,1244.9,2326.5,-4911.1,-3079.7,-3392.3,-700.27,-4948.5,536.37,2810.1,-2365.5,1221.6,1850,2744.2,-4965.1,-4960.3,-5284,-733.73,-4843.3,-1105.8,4670.1,-3476.2,3513,4411.8,2240.3,-5942.1,2106.1,2120.8,-597.56,-4851.8,-730.67,4477.6,-2556.8,1789.3,4259.9,2310,-5935.5,1266.5,957.02,-486.57,-4794.3,-1139.5,4814.8,-2602.9,1575.8,5058.9,2187.7,-5020.4,1925.6,1797.1,-621.89,-5021.5,-1211.8,4401,-2062.6,1671.5,4667.6,2111.2,-4958.7,7648.4,8453.8,-203.08,-2813.6,-969.2,4239,-2601.9,1688.2,2872.9,2879.9,-4933.8,1880.8,1644.1,-577.78,-5043.2,-421.73,3206.8,-3101.7,2076,2337.6,2158.2,-4971.7,2043.1,1680.3,-705.05,-4966.4,596.03,1769.4,-2879.4,1652.6,512.62,2115.7,-5051.7,4283.7,1897.5,-592.25,-4937.3,456.35,1515.7,-3044.1,1832.5,888.75,1626.1,-4990.7,2305.6,1752.3,-704.24,-5044.3,191.53,1512.3,-2929,1493.3,1258.4,1582.6,-4977.5,4033.8,1588.2,-705.81,-5064.7,518.38,1766.6,-3296.3,2071.7,1844.3,1255.5,-4055.4,2403.5,1559.4,-705.86,-5031.9,309.81,1954.5,-3200,1922.8,1530.1,1300.4,-4042.9,3306.8,2520.8,-696.89,-5236.1
